Sep=;
DNS Ip; hostname; DNS Organization; whoami 'ns'; ns location; ns distance; whoami 'ecs'; whoami 'ip'; Akamai Edge; Akamai Edge Location; Akamai Edge Distance; Akamai Edge Pretransfer; Netflix Edge; Netflix Edge Location; Netflix Edge Distance; Netflix Edge Pretransfer; Youtube Edge; Youtube Edge Location; Youtube Edge Distance; Youtube Edge Pretransfer
1.0.0.1; one.one.one.one;  AS13335 Cloudflare, Inc.; 172.69.235.72;  Göteborg,SE; 11; ; ; 23.78.61.14;  Ballerup,DK; 11; 141.4; 54.170.196.176;  Dublin,IE; 28; 152.0; 216.58.211.142;  London,GB; 14; 65.7
1.0.0.2; null;  AS13335 Cloudflare, Inc.; 172.69.235.72;  Göteborg,SE; 11; ; ; 23.78.61.14;  Ballerup,DK; 11; 141.4; 54.170.196.176;  Dublin,IE; 28; 152.0; 172.217.21.174;  Mountain View,US; 14; 70.3
1.1.1.1; one.one.one.one;  AS13335 Cloudflare, Inc.; 172.69.235.72;  Göteborg,SE; 11; ; ; 23.78.61.14;  Ballerup,DK; 11; 141.4; 54.246.79.9;  Dublin,IE; 28; 118.2; 172.217.21.174;  Mountain View,US; 14; 70.3
1.1.1.1; one.one.one.one;  AS13335 Cloudflare, Inc.; 172.69.235.72;  Göteborg,SE; 11; ; ; 23.78.61.14;  Ballerup,DK; 11; 141.4; 54.246.79.9;  Dublin,IE; 28; 118.2; 172.217.21.174;  Mountain View,US; 14; 70.3
1.1.1.2; null;  AS13335 Cloudflare, Inc.; 172.69.235.72;  Göteborg,SE; 11; ; ; 23.78.61.14;  Ballerup,DK; 11; 141.4; 54.73.148.110;  Dublin,IE; 28; 120.0; 216.58.207.238;  London,GB; 14; 64.9
116.202.176.26; libredns.gr;  AS24940 Hetzner Online GmbH; ; ; ; ; ; N/A; ; ; ; N/A; ; ; ; N/A; ; ; 
129.250.35.250; x.ns.gin.ntt.net;  AS2914 NTT America, Inc.; 185.84.19.99;  Amsterdam,NL; 13; ; ; 23.206.112.89;  Amsterdam,NL; 12; 71.7; 54.155.246.232;  Dublin,IE; 28; 158.4; 142.250.184.238;  Mountain View,US; 20; 145.2
129.250.35.251; y.ns.gin.ntt.net;  AS2914 NTT America, Inc.; 185.84.19.115;  Amsterdam,NL; 13; ; ; 23.206.112.89;  Amsterdam,NL; 12; 71.7; 54.155.178.5;  Dublin,IE; 28; 124.9; 216.58.212.142;  London,GB; 20; 150.0
130.244.126.100; firewall.lo.se;  AS1257 TELE2; 212.247.9.100;  Stockholm,SE; 13; ; ; 2.22.3.60;  Stockholm,SE; 13; 175.0; 18.200.8.190;  Dublin,IE; 27; 120.1; 172.217.20.46;  London,GB; 14; 58.1
141.1.1.1; cns1.cw.net;  AS1273 Vodafone Group PLC; 195.10.35.36;  Stockholm,SE; 11; ; ; 23.32.108.33;  Stockholm,SE; 12; 46.8; 54.246.79.9;  Dublin,IE; 28; 118.2; 216.58.207.238;  London,GB; 14; 64.9
141.1.27.249; euro-cns1.cw.net;  AS1273 Vodafone Group PLC; 195.10.35.44;  Stockholm,SE; 11; ; ; 23.32.108.33;  Stockholm,SE; 12; 46.8; 54.246.79.9;  Dublin,IE; 28; 118.2; 172.217.22.174;  Mountain View,US; 14; 81.9
146.255.56.98; doh-dot.applied-privacy.net;  AS47692 Nessus GmbH; ; ; ; ; ; N/A; ; ; ; N/A; ; ; ; N/A; ; ; 
149.112.112.112; rpz-public-resolver1.rrdns.pch.net;  AS19281 Quad9; 74.63.24.238;  Frankfurt am Main,DE; 9; ; ; 23.45.96.101;  Frankfurt am Main,DE; 9; 62.2; 54.74.73.31;  Dublin,IE; 28; 143.2; 142.250.185.206;  Mountain View,US; 20; 196.5
151.252.139.24; user24.151-252-139.netatonce.net;  AS35706 Net at Once Sweden AB; 217.10.96.9;  Skurup,SE; 11; ; ; 23.78.61.14;  Ballerup,DK; 11; 141.4; 54.246.79.9;  Dublin,IE; 28; 118.2; 142.250.74.142;  Mountain View,US; 14; 117.3
154.32.105.18; res1.dns.uk.psi.net;  AS4637 Telstra Global; 154.32.105.18;  London,GB; 15; ; ; 104.86.129.208;  London,GB; 11; 128.3; 18.200.8.190;  Dublin,IE; 27; 120.1; 142.250.180.14;  London,GB; 22; 989.3
155.4.12.212; h-12-212.a165.priv.bahnhof.se;  AS8473 Bahnhof AB; ; ; ; ; ; 23.32.108.33;  Stockholm,SE; 12; 46.8; 54.246.79.9;  Dublin,IE; 28; 118.2; 142.250.74.110;  Mountain View,US; 14; 92.8
156.154.70.1; rdns1.ultradns.net;  AS19905 NeuStar, Inc.; 156.154.85.143;  Stockholm,SE; 13; ; ; 2.22.3.60;  Stockholm,SE; 13; 175.0; 54.73.148.110;  Dublin,IE; 28; 120.0; 173.194.222.190;  Sosnovyy Bor,RU; 27; 75.7
156.154.70.1; rdns1.ultradns.net;  AS19905 NeuStar, Inc.; 156.154.85.143;  Stockholm,SE; 13; ; ; 2.22.3.60;  Stockholm,SE; 13; 175.0; 54.73.148.110;  Dublin,IE; 28; 120.0; 173.194.222.190;  Sosnovyy Bor,RU; 27; 75.7
156.154.70.22; null;  AS19905 NeuStar, Inc.; 156.154.85.145;  Stockholm,SE; 13; ; ; 2.22.3.60;  Stockholm,SE; 13; 175.0; 54.160.93.182;  Ashburn,US; 38; 223.6; 142.250.150.190;  Stockholm,SE; 28; 83.1
156.154.71.1; rdns2.ultradns.net;  AS397215 NeuStar, Inc.; 156.154.85.143;  Stockholm,SE; 13; ; ; 2.22.3.60;  Stockholm,SE; 13; 175.0; 3.230.129.93;  Ashburn,US; 37; 253.7; 142.250.150.91;  Stockholm,SE; 27; 211.9
156.154.71.22; null;  AS397215 NeuStar, Inc.; 156.154.85.143;  Stockholm,SE; 13; ; ; 2.22.3.60;  Stockholm,SE; 13; 175.0; 3.230.129.93;  Ashburn,US; 37; 253.7; 74.125.131.190;  Sosnovyy Bor,RU; 27; 79.3
158.43.128.1; cache0002.ns.eu.uu.net;  AS702 MCI Communications Services, Inc. d/b/a Verizon Business; 158.43.128.1;  London,GB; 14; ; ; 104.86.129.208;  London,GB; 11; 128.3; 54.73.148.110;  Dublin,IE; 28; 120.0; 142.250.185.110;  Mountain View,US; 20; 126.8
158.43.240.3; cache0005a.ns.eu.uu.net;  AS702 MCI Communications Services, Inc. d/b/a Verizon Business; 158.43.240.3;  London,GB; 14; ; ; 104.86.129.208;  London,GB; 11; 128.3; 18.200.8.190;  Dublin,IE; 27; 120.1; 216.58.212.174;  London,GB; 20; 190.5
158.43.240.4; cache0004.ns.eu.uu.net;  AS702 MCI Communications Services, Inc. d/b/a Verizon Business; 158.43.240.4;  London,GB; 14; ; ; 104.86.129.208;  London,GB; 11; 128.3; 54.170.196.176;  Dublin,IE; 28; 152.0; 216.58.212.238;  London,GB; 22; 164.0
193.101.111.10; cache0702.ns.eu.uu.net;  AS702 MCI Communications Services, Inc. d/b/a Verizon Business; 193.101.111.10;  Frankfurt am Main,DE; 14; ; ; 104.125.18.76;  Frankfurt am Main,DE; 17; 140.0; 54.155.246.232;  Dublin,IE; 28; 158.4; 172.217.16.142;  Mountain View,US; 20; 130.0
193.101.111.20; null;  AS702 MCI Communications Services, Inc. d/b/a Verizon Business; 193.101.111.20;  Frankfurt am Main,DE; 14; ; ; 104.125.18.76;  Frankfurt am Main,DE; 17; 140.0; 52.214.181.141;  Dublin,IE; 27; 206.5; 142.250.186.78;  Frankfurt am Main,DE; 20; 475.2
193.17.47.1; odvr.nic.cz;  AS20701 CZ.NIC, z.s.p.o.; 217.31.204.137;  Říčany,CZ; 14; ; ; 23.75.66.87;  Prague,CZ; 13; 131.3; 54.74.73.31;  Dublin,IE; 28; 143.2; 216.58.201.78;  Mountain View,US; 21; 132.1
193.183.18.21; ns1.atea.se;  AS21060 Atea A/S; 193.183.18.21;  Stockholm,SE; 11; ; ; 23.78.61.14;  Ballerup,DK; 11; 141.4; 54.74.73.31;  Dublin,IE; 28; 143.2; 142.250.74.46;  Mountain View,US; 14; 88.9
193.67.79.39; cache0200.ns.eu.uu.net;  AS702 MCI Communications Services, Inc. d/b/a Verizon Business; 193.67.79.39;  Amsterdam,NL; 17; ; ; 104.98.143.45;  Amsterdam,NL; 12; 112.3; 3.251.50.149;  Dublin,IE; 27; 137.6; 142.250.186.110;  Frankfurt am Main,DE; 20; 142.2
193.78.240.12; cache0204.ns.eu.uu.net;  AS702 MCI Communications Services, Inc. d/b/a Verizon Business; 193.79.237.39;  Amsterdam,NL; 13; ; ; 104.98.143.45;  Amsterdam,NL; 12; 112.3; 54.155.246.232;  Dublin,IE; 28; 158.4; 172.217.20.110;  London,GB; 21; 148.7
193.79.242.39; cache0205.ns.eu.uu.net;  AS702 MCI Communications Services, Inc. d/b/a Verizon Business; 193.67.79.39;  Amsterdam,NL; 17; ; ; 104.98.143.45;  Amsterdam,NL; 12; 112.3; 54.74.73.31;  Dublin,IE; 28; 143.2; 142.250.185.110;  Mountain View,US; 20; 126.8
193.89.248.1; null;  AS3292 TDC A/S; 146.112.135.65;  Copenhagen,DK; 9; ; ; 23.78.61.14;  Ballerup,DK; 11; 141.4; 54.246.79.9;  Dublin,IE; 28; 118.2; 172.217.21.142;  Mountain View,US; 14; 110.9
194.150.168.168; dns.as250.net;  AS250 AS250.net Foundation; ; ; ; ; ; N/A; ; ; ; N/A; ; ; ; N/A; ; ; 
194.25.0.52; resolv-l.dtag.de;  AS3320 Deutsche Telekom AG; 217.237.149.220;  Wolfhagen,DE; 13; ; ; 104.85.254.234;  Berlin,DE; 13; 85.6; 3.251.50.149;  Dublin,IE; 27; 137.6; 142.250.185.110;  Mountain View,US; 20; 126.8
194.25.0.60; resolv-h.dtag.de;  AS3320 Deutsche Telekom AG; 217.237.149.155;  Jena,DE; 13; ; ; 104.102.10.199;  Hamburg,DE; 13; 73.0; 54.170.196.176;  Dublin,IE; 28; 152.0; 142.250.186.110;  Frankfurt am Main,DE; 20; 142.2
194.25.0.68; resolv-f.dtag.de;  AS3320 Deutsche Telekom AG; 217.237.150.30;  Köln,DE; 13; ; ; 104.125.18.76;  Frankfurt am Main,DE; 17; 140.0; 54.246.79.9;  Dublin,IE; 28; 118.2; 142.250.186.142;  Frankfurt am Main,DE; 20; 122.5
194.67.2.114; ns3.online.ru;  AS3216 PJSC Vimpelcom; ; ; ; ; ; N/A; ; ; ; N/A; ; ; ; N/A; ; ; 
194.98.65.65; cache0300.ns.eu.uu.net;  AS702 MCI Communications Services, Inc. d/b/a Verizon Business; 194.98.65.65;  Amsterdam,NL; 13; ; ; 104.98.143.45;  Amsterdam,NL; 12; 112.3; 54.246.79.9;  Dublin,IE; 28; 118.2; 216.58.213.142;  London,GB; 22; 172.4
195.129.12.83; cache0206.ns.eu.uu.net;  AS702 MCI Communications Services, Inc. d/b/a Verizon Business; 195.129.12.83;  Dortmund,DE; 13; ; ; 104.98.143.45;  Amsterdam,NL; 12; 112.3; 18.200.8.190;  Dublin,IE; 27; 120.1; 142.250.74.206;  Mountain View,US; 20; 354.8
195.178.160.1; ns.bahnhof.se;  AS8473 Bahnhof AB; ; ; ; ; ; N/A; ; ; ; N/A; ; ; ; N/A; ; ; 
195.182.110.132; dns-fra.de.ignite.net;  AS5400 British Telecommunications PLC; 195.182.110.131;  Frankfurt am Main,DE; 14; ; ; 23.45.96.101;  Frankfurt am Main,DE; 9; 62.2; 54.155.178.5;  Dublin,IE; 28; 124.9; 142.250.186.46;  Frankfurt am Main,DE; 20; 604.5
195.27.1.1; cns2.cw.net;  AS1273 Vodafone Group PLC; 195.10.35.44;  Stockholm,SE; 11; ; ; 23.32.108.33;  Stockholm,SE; 12; 46.8; 54.73.148.110;  Dublin,IE; 28; 120.0; 142.250.74.110;  Mountain View,US; 14; 92.8
195.67.69.66; server.mkdata.nu;  AS3301 Telia Company AB; ; ; ; ; ; N/A; ; ; ; N/A; ; ; ; N/A; ; ; 
195.99.66.220; nsr2.bticglobal.net;  AS5400 British Telecommunications PLC; 166.49.153.253;  Amsterdam,NL; 11; ; ; 2.19.197.209;  Amsterdam,NL; 11; 124.6; 54.155.178.5;  Dublin,IE; 28; 124.9; 142.250.186.78;  Frankfurt am Main,DE; 20; 475.2
198.153.192.1; null;  AS397220 NeuStar, Inc.; 156.154.85.144;  Stockholm,SE; 13; ; ; 2.22.3.60;  Stockholm,SE; 13; 175.0; 54.237.226.164;  Ashburn,US; 37; 500.9; 173.194.220.91;  Sosnovyy Bor,RU; 27; 124.8
198.153.194.1; null;  AS397213 NeuStar, Inc.; 156.154.77.143;  Amsterdam,NL; 14; ; ; 184.50.167.23;  Oude Meer,NL; 11; 76.9; 54.155.246.232;  Dublin,IE; 28; 158.4; 142.250.184.238;  Mountain View,US; 20; 145.2
198.251.90.91; uncensored.any.dns.nixnet.xyz;  AS53667 FranTech Solutions; ; ; ; ; ; N/A; ; ; ; N/A; ; ; ; N/A; ; ; 
206.165.6.11; dns1.phx.gblx.net;  AS3549 Level 3 Parent, LLC; 8.0.18.135;  Frankfurt am Main,DE; 10; ; ; 23.45.96.101;  Frankfurt am Main,DE; 9; 62.2; 3.225.92.8;  Ashburn,US; 38; 324.2; 172.217.23.14;  London,GB; 20; 200.9
206.165.6.12; dns2.phx.gblx.net;  AS3549 Level 3 Parent, LLC; 8.0.18.141;  Frankfurt am Main,DE; 10; ; ; 23.45.96.101;  Frankfurt am Main,DE; 9; 62.2; 3.211.157.115;  Ashburn,US; 37; 737.8; 172.217.23.14;  London,GB; 20; 200.9
208.67.220.123; resolver2-fs.opendns.com;  AS36692 Cisco OpenDNS, LLC; 146.112.135.68;  Copenhagen,DK; 10; ; ; 23.78.61.14;  Ballerup,DK; 11; 141.4; 54.170.196.176;  Dublin,IE; 28; 152.0; 142.250.74.46;  Mountain View,US; 14; 88.9
208.67.220.220; resolver2.opendns.com;  AS36692 Cisco OpenDNS, LLC; 146.112.135.65;  Copenhagen,DK; 9; ; ; 23.78.61.14;  Ballerup,DK; 11; 141.4; 52.214.181.141;  Dublin,IE; 27; 206.5; 142.250.74.110;  Mountain View,US; 14; 92.8
208.67.220.222; resolver4.opendns.com;  AS36692 Cisco OpenDNS, LLC; 146.112.135.66;  Copenhagen,DK; 10; ; ; 23.78.61.14;  Ballerup,DK; 11; 141.4; 54.170.196.176;  Dublin,IE; 28; 152.0; 142.250.74.142;  Mountain View,US; 14; 117.3
208.67.222.123; resolver1-fs.opendns.com;  AS36692 Cisco OpenDNS, LLC; 146.112.135.64;  Copenhagen, DK; 9; ; ; 23.78.61.14;  Ballerup,DK; 11; 141.4; 54.74.73.31;  Dublin,IE; 28; 143.2; 216.58.211.142;  London,GB; 14; 65.7
208.67.222.220; resolver3.opendns.com;  AS36692 Cisco OpenDNS, LLC; 146.112.135.66;  Copenhagen,DK; 10; ; ; 23.78.61.14;  Ballerup,DK; 11; 141.4; 54.155.178.5;  Dublin,IE; 28; 124.9; 172.217.22.174;  Mountain View,US; 14; 81.9
208.67.222.222; resolver1.opendns.com;  AS36692 Cisco OpenDNS, LLC; 146.112.135.67;  Copenhagen, DK; 9; ; ; 23.78.61.14;  Ballerup,DK; 11; 141.4; 54.170.196.176;  Dublin,IE; 28; 152.0; 142.250.74.46;  Mountain View,US; 14; 88.9
208.67.222.222; resolver1.opendns.com;  AS36692 Cisco OpenDNS, LLC; 146.112.135.67;  Copenhagen, DK; 9; ; ; 23.78.61.14;  Ballerup,DK; 11; 141.4; 54.170.196.176;  Dublin,IE; 28; 152.0; 142.250.74.46;  Mountain View,US; 14; 88.9
208.67.222.222; resolver1.opendns.com;  AS36692 Cisco OpenDNS, LLC; 146.112.135.67;  Copenhagen, DK; 9; ; ; 23.78.61.14;  Ballerup,DK; 11; 141.4; 54.170.196.176;  Dublin,IE; 28; 152.0; 142.250.74.46;  Mountain View,US; 14; 88.9
209.130.139.2; dns2.roc.gblx.net;  AS3549 Level 3 Parent, LLC; 8.0.16.128;  Frankfurt am Main, DE; 10; ; ; 23.45.96.101;  Frankfurt am Main,DE; 9; 62.2; 3.225.92.8;  Ashburn,US; 38; 324.2; 172.217.23.46;  London, GB; 20; 460.1
209.244.0.4; resolver2.level3.net;  AS3356 Level 3 Parent, LLC; 8.0.18.136;  Frankfurt am Main, DE; 10; ; ; 23.45.96.101;  Frankfurt am Main,DE; 9; 62.2; 54.160.93.182;  Ashburn,US; 38; 223.6; 216.58.207.174;  London, GB; 20; 1129.9
213.115.226.2; ns1.gns.se;  AS2119 Telenor Norge AS; 213.115.226.2;  Stockholm, SE; ???; ; ; 2.22.238.30;  Stockholm, SE; 12; 2337.4; 54.155.178.5;  Dublin,IE; 28; 124.9; 216.58.211.14;  London, GB; 14; 183.0
213.115.226.2; ns1.gns.se;  AS2119 Telenor Norge AS; 213.115.226.2;  Stockholm, SE; ???; ; ; 2.22.238.30;  Stockholm, SE; 12; 2337.4; 54.155.178.5;  Dublin,IE; 28; 124.9; 216.58.211.14;  London, GB; 14; 183.0
216.146.35.35; rdns.dynect.net;  AS33517 Oracle Corporation; 162.88.85.6;  Frankfurt am Main, DE; 15; 155.4.129.0/24/24; 162.88.85.6; 104.117.222.253;  Frankfurt am Main, DE; 16; 104.8; 3.230.129.93;  Ashburn,US; 37; 253.7; 172.217.23.46;  London, GB; 20; 460.1
216.146.35.35; rdns.dynect.net;  AS33517 Oracle Corporation; 162.88.85.6;  Frankfurt am Main, DE; 15; 155.4.129.0/24/24; 162.88.85.6; 104.117.222.253;  Frankfurt am Main, DE; 16; 104.8; 3.230.129.93;  Ashburn,US; 37; 253.7; 172.217.23.46;  London, GB; 20; 460.1
217.115.40.123; 217-115-40-123.cust.bredband2.com;  AS29518 Bredband2 AB; 217.115.40.126;  Stockholm, SE; 11; ; ; 2.22.3.60;  Stockholm,SE; 13; 175.0; 54.170.196.176;  Dublin,IE; 28; 152.0; 172.217.21.142;  Mountain View,US; 14; 110.9
23.253.163.53; null;  AS19994 Rackspace Hosting; ; ; ; ; ; N/A; ; ; ; N/A; ; ; ; N/A; ; ; 
4.2.2.1; a.resolvers.level3.net;  AS3356 Level 3 Parent, LLC; 8.0.18.9;  Frankfurt am Main, DE; 10; ; ; 23.45.96.101;  Frankfurt am Main,DE; 9; 62.2; 3.225.92.8;  Ashburn,US; 38; 324.2; 216.58.215.238;  Zürich, CH; 20; 159.7
4.2.2.1; a.resolvers.level3.net;  AS3356 Level 3 Parent, LLC; 8.0.18.9;  Frankfurt am Main, DE; 10; ; ; 23.45.96.101;  Frankfurt am Main,DE; 9; 62.2; 3.225.92.8;  Ashburn,US; 38; 324.2; 216.58.215.238;  Zürich, CH; 20; 159.7
4.2.2.1; a.resolvers.level3.net;  AS3356 Level 3 Parent, LLC; 8.0.18.9;  Frankfurt am Main, DE; 10; ; ; 23.45.96.101;  Frankfurt am Main,DE; 9; 62.2; 3.225.92.8;  Ashburn,US; 38; 324.2; 216.58.215.238;  Zürich, CH; 20; 159.7
4.2.2.2; b.resolvers.level3.net;  AS3356 Level 3 Parent, LLC; 192.221.146.134;  Frankfurt am Main, DE; 10; ; ; 23.45.96.101;  Frankfurt am Main,DE; 9; 62.2; 3.211.157.115;  Ashburn,US; 37; 737.8; 172.217.168.78;  Zürich, CH; 20; 148.7
4.2.2.2; b.resolvers.level3.net;  AS3356 Level 3 Parent, LLC; 192.221.146.134;  Frankfurt am Main, DE; 10; ; ; 23.45.96.101;  Frankfurt am Main,DE; 9; 62.2; 3.211.157.115;  Ashburn,US; 37; 737.8; 172.217.168.78;  Zürich, CH; 20; 148.7
4.2.2.4; d.resolvers.level3.net;  AS3356 Level 3 Parent, LLC; 8.0.16.133;  Frankfurt am Main, DE; 10; ; ; 23.45.96.101;  Frankfurt am Main,DE; 9; 62.2; 54.160.93.182;  Ashburn,US; 38; 223.6; 172.217.22.206;  Mountain View, US; 20; 262.8
4.2.2.6; f.resolvers.level3.net;  AS3356 Level 3 Parent, LLC; 192.221.146.142;  Frankfurt am Main, DE; 10; ; ; 23.45.96.101;  Frankfurt am Main,DE; 9; 62.2; 3.211.157.115;  Ashburn,US; 37; 737.8; 172.217.168.78;  Zürich, CH; 20; 148.7
45.90.28.55; dns1.nextdns.io;  AS34939 nextdns, Inc.; 86.106.103.153;  Stockholm, SE; 14; ; ; 23.60.27.220;  Stockholm, SE; 11; 135.8; 54.74.73.31;  Dublin,IE; 28; 143.2; 142.250.150.91;  Stockholm,SE; 27; 211.9
46.246.29.69; null;  AS42708 GleSYS AB; 46.246.29.70;  Stockholm, SE; 11; ; ; 23.32.108.33;  Stockholm,SE; 12; 46.8; 54.242.237.204;  Ashburn, US; 36; 0; 142.250.74.46;  Mountain View,US; 14; 88.9
64.212.106.84; dns1.jfk.gblx.net;  AS3549 Level 3 Parent, LLC; 192.221.146.133;  Frankfurt am Main, DE; 10; ; ; 23.45.96.101;  Frankfurt am Main,DE; 9; 62.2; 54.155.246.232;  Dublin,IE; 28; 158.4; 172.217.168.46;  Zürich, CH; 20; 122.0
64.6.64.6; null;  AS19905 NeuStar, Inc.; 156.154.85.143;  Stockholm,SE; 13; ; ; 2.22.3.60;  Stockholm,SE; 13; 175.0; 18.200.8.190;  Dublin,IE; 27; 120.1; 173.194.222.136;  Sosnovyy Bor, RU; 27; 72.7
66.28.0.45; res1.dns.cogentco.com;  AS174 Cogent Communications; 149.6.140.26;  Frankfurt am Main, DE; 14; ; ; 104.125.18.76;  Frankfurt am Main,DE; 17; 140.0; 3.230.129.93;  Ashburn,US; 37; 253.7; 142.250.200.14;  Mountain View, US; 22; 197.2
67.17.215.132; dns1.snv.gblx.net;  AS3549 Level 3 Parent, LLC; 8.0.16.137;  Frankfurt am Main, DE; 10; ; ; 23.45.96.101;  Frankfurt am Main,DE; 9; 62.2; 18.200.8.190;  Dublin,IE; 27; 120.1; 172.217.20.238;  London, GB; 20; 122.3
74.82.42.42; ordns.he.net;  AS6939 Hurricane Electric LLC; 216.66.80.90;  Redwood City, US; 9; ; ; 2.19.124.127;  Älta, SE; 12; 54.9; 3.211.157.115;  Ashburn,US; 37; 737.8; 172.217.21.174;  Mountain View,US; 14; 70.3
74.82.42.42; ordns.he.net;  AS6939 Hurricane Electric LLC; 216.66.80.90;  Redwood City, US; 9; ; ; 2.19.124.127;  Älta, SE; 12; 54.9; 3.211.157.115;  Ashburn,US; 37; 737.8; 172.217.21.174;  Mountain View,US; 14; 70.3
8.20.247.20; ns2.recursive.dnsbycomodo.com;  AS23393 NuCDN LLC; 45.32.158.47;  Frankfurt am Main, DE; 12; ; ; 23.45.96.101;  Frankfurt am Main,DE; 9; 62.2; 52.214.181.141;  Dublin,IE; 27; 206.5; 216.58.212.174;  London,GB; 20; 190.5
8.26.56.26; ns1.recursive.dnsbycomodo.com;  AS23393 NuCDN LLC; 95.179.162.213;  Frankfurt am Main, DE; 12; ; ; 23.45.96.101;  Frankfurt am Main,DE; 9; 62.2; 52.214.181.141;  Dublin,IE; 27; 206.5; 216.58.212.174;  London,GB; 20; 190.5
8.26.56.26; ns1.recursive.dnsbycomodo.com;  AS23393 NuCDN LLC; 95.179.162.213;  Frankfurt am Main, DE; 12; ; ; 23.45.96.101;  Frankfurt am Main,DE; 9; 62.2; 52.214.181.141;  Dublin,IE; 27; 206.5; 216.58.212.174;  London,GB; 20; 190.5
8.8.4.4; dns.google;  AS15169 Google LLC; 74.125.46.133;  Lappeenranta, FI; 27; 155.4.129.0/24/24; 155.4.129.233; 23.78.61.14;  Ballerup,DK; 11; 141.4; 18.200.8.190;  Dublin,IE; 27; 120.1; 172.217.21.142;  Mountain View,US; 14; 110.9
8.8.4.4; dns.google;  AS15169 Google LLC; 74.125.46.133;  Lappeenranta, FI; 27; 155.4.129.0/24/24; 155.4.129.233; 23.78.61.14;  Ballerup,DK; 11; 141.4; 18.200.8.190;  Dublin,IE; 27; 120.1; 172.217.21.142;  Mountain View,US; 14; 110.9
8.8.8.8; dns.google;  AS15169 Google LLC; 173.194.98.10;  Lappeenranta, FI; 27; 155.4.129.0/24/24; 155.4.129.169; 23.78.61.14;  Ballerup,DK; 11; 141.4; 52.214.181.141;  Dublin,IE; 27; 206.5; 142.250.74.14;  Mountain View, US; 14; 345.8
8.8.8.8; dns.google;  AS15169 Google LLC; 173.194.98.10;  Lappeenranta, FI; 27; 155.4.129.0/24/24; 155.4.129.169; 23.78.61.14;  Ballerup,DK; 11; 141.4; 52.214.181.141;  Dublin,IE; 27; 206.5; 142.250.74.14;  Mountain View, US; 14; 345.8
8.8.8.8; dns.google;  AS15169 Google LLC; 173.194.98.10;  Lappeenranta, FI; 27; 155.4.129.0/24/24; 155.4.129.169; 23.78.61.14;  Ballerup,DK; 11; 141.4; 52.214.181.141;  Dublin,IE; 27; 206.5; 142.250.74.14;  Mountain View, US; 14; 345.8
81.26.228.3; ns10.bredband.com;  AS2119 Telenor Norge AS; ; ; ; ; ; N/A; ; ; ; N/A; ; ; ; N/A; ; ; 
81.26.228.3; ns10.bredband.com;  AS2119 Telenor Norge AS; ; ; ; ; ; N/A; ; ; ; N/A; ; ; ; N/A; ; ; 
83.137.225.121; res2.sotaconnect.net;  AS31742 Sota Solutions Ltd.; 83.137.225.121;  London, GB; 14; ; ; 104.86.129.208;  London,GB; 11; 128.3; 54.246.79.9;  Dublin,IE; 28; 118.2; 142.250.179.238;  London, GB; 22; 121.8
84.200.69.80; null;  AS31400 diva-e Datacenters GmbH; 84.200.69.80;  Frankfurt am Main, DE; 10; ; ; 23.79.135.153;  Frankfurt am Main, DE; 9; 60.2; 54.73.148.110;  Dublin,IE; 28; 120.0; 142.250.185.110;  Mountain View,US; 20; 126.8
84.200.69.80; null;  AS31400 diva-e Datacenters GmbH; 84.200.69.80;  Frankfurt am Main, DE; 10; ; ; 23.79.135.153;  Frankfurt am Main, DE; 9; 60.2; 54.73.148.110;  Dublin,IE; 28; 120.0; 142.250.185.110;  Mountain View,US; 20; 126.8
84.200.70.40; null;  AS31400 diva-e Datacenters GmbH; 84.200.70.40;  Frankfurt am Main, DE; 10; ; ; 23.79.135.153;  Frankfurt am Main, DE; 9; 60.2; 18.200.8.190;  Dublin,IE; 27; 120.1; 216.58.206.238;  London, GB; 22; 110.5
85.119.136.158; 85-119-136-158.telio.no;  AS35157 NEXTGENTEL HOLDING ASA; 85.119.136.158;  Oslo, NO; 16; ; ; 96.6.18.185;  Oslo, NO; 12; 75.8; 52.3.144.142;  Ashburn, US; 38; 223.8; 172.217.21.174;  Mountain View,US; 14; 70.3
87.96.144.179; h87-96-144-179.cust.a3fiber.se;  AS45011 A3 Sverige AB; 85.8.9.164;  Sollentuna, SE; 12; ; ; 23.32.108.33;  Stockholm,SE; 12; 46.8; 54.170.196.176;  Dublin,IE; 28; 152.0; 172.217.21.142;  Mountain View,US; 14; 110.9
9.9.9.11; dns11.quad9.net;  AS19281 Quad9; 74.63.24.240;  Frankfurt am Main, DE; 9; 155.4.129.0/24/24; 74.63.24.240; 23.45.96.101;  Frankfurt am Main,DE; 9; 62.2; 54.74.73.31;  Dublin,IE; 28; 143.2; 172.217.21.142;  Mountain View,US; 14; 110.9
9.9.9.9; dns9.quad9.net;  AS19281 Quad9; 203.23.178.40;  Frankfurt am Main, DE; 12; ; ; 23.45.96.101;  Frankfurt am Main,DE; 9; 62.2; 54.155.178.5;  Dublin,IE; 28; 124.9; 142.250.186.110;  Frankfurt am Main,DE; 20; 142.2
9.9.9.9; dns9.quad9.net;  AS19281 Quad9; 203.23.178.40;  Frankfurt am Main, DE; 12; ; ; 23.45.96.101;  Frankfurt am Main,DE; 9; 62.2; 54.155.178.5;  Dublin,IE; 28; 124.9; 142.250.186.110;  Frankfurt am Main,DE; 20; 142.2
91.239.100.100; anycast.censurfridns.dk;  AS198794 Thomas Steen Rasmussen; 130.225.244.166;  Copenhagen, DK; 9; ; ; 23.78.61.14;  Ballerup,DK; 11; 141.4; 3.211.157.115;  Ashburn,US; 37; 737.8; 172.217.22.174;  Mountain View,US; 14; 81.9
94.140.14.14; dns.adguard.com;  AS212772 AdGuard Software Limited; 195.181.166.166;  Stockholm, SE; 12; ; ; 2.22.3.60;  Stockholm,SE; 13; 175.0; 52.3.144.142;  Ashburn, US; 38; 223.8; 108.177.126.93;  Amsterdam, NL; 28; 1021.3
95.216.212.177; fi1.blahdns.com;  AS24940 Hetzner Online GmbH; ; ; ; ; ; N/A; ; ; ; N/A; ; ; ; N/A; ; ; 
95.216.24.230; null;  AS24940 Hetzner Online GmbH; ; ; ; ; ; N/A; ; ; ; N/A; ; ; ; N/A; ; ; 
